key,value,date
Bach,0,1842
Bach,0,1843
Bach,0,1844
Bach,0,1845
Bach,0,1846
Bach,0,1847
Bach,0,1848
Bach,0,1849
Bach,0,1850
Bach,0,1851
Bach,0,1852
Bach,0,1853
Bach,0,1854
Bach,0,1855
Bach,0,1856
Bach,0,1857
Bach,0,1858
Bach,0,1859
Bach,0,1860
Bach,0,1861
Bach,1,1862
Bach,0,1863
Bach,0,1864
Bach,0,1865
Bach,0,1866
Bach,0,1867
Bach,0,1868
Bach,1,1869
Bach,0,1870
Bach,0,1871
Bach,1,1872
Bach,0,1873
Bach,2,1874
Bach,2,1875
Bach,2,1876
Bach,0,1877
Bach,0,1878
Bach,6,1879
Bach,2,1880
Bach,5,1881
Bach,0,1882
Bach,3,1883
Bach,1,1884
Bach,0,1885
Bach,3,1886
Bach,2,1887
Bach,4,1888
Bach,1,1889
Bach,5,1890
Bach,0,1891
Bach,3,1892
Bach,7,1893
Bach,4,1894
Bach,4,1895
Bach,6,1896
Bach,6,1897
Bach,4,1898
Bach,6,1899
Bach,5,1900
Bach,22,1901
Bach,0,1902
Bach,4,1903
Bach,2,1904
Bach,10,1905
Bach,3,1906
Bach,3,1907
Bach,2,1908
Bach,6,1909
Bach,15,1910
Bach,8,1911
Bach,6,1912
Bach,8,1913
Bach,11,1914
Bach,4,1915
Bach,16,1916
Bach,10,1917
Bach,11,1918
Bach,15,1919
Bach,9,1920
Bach,34,1921
Bach,14,1922
Bach,17,1923
Bach,13,1924
Bach,30,1925
Bach,14,1926
Bach,21,1927
Bach,14,1928
Bach,15,1929
Bach,37,1930
Bach,20,1931
Bach,13,1932
Bach,18,1933
Bach,15,1934
Bach,28,1935
Bach,15,1936
Bach,13,1937
Bach,19,1938
Bach,10,1939
Bach,29,1940
Bach,22,1941
Bach,13,1942
Bach,12,1943
Bach,10,1944
Bach,18,1945
Bach,15,1946
Bach,34,1947
Bach,29,1948
Bach,24,1949
Bach,15,1950
Bach,23,1951
Bach,19,1952
Bach,7,1953
Bach,16,1954
Bach,8,1955
Bach,14,1956
Bach,10,1957
Bach,13,1958
Bach,22,1959
Bach,8,1960
Bach,3,1961
Bach,17,1962
Bach,6,1963
Bach,5,1964
Bach,12,1965
Bach,13,1966
Bach,0,1967
Bach,16,1968
Bach,9,1969
Bach,6,1970
Bach,4,1971
Bach,9,1972
Bach,1,1973
Bach,6,1974
Bach,7,1975
Bach,4,1976
Bach,13,1977
Bach,5,1978
Bach,2,1979
Bach,5,1980
Bach,5,1981
Bach,9,1982
Bach,17,1983
Bach,10,1984
Bach,32,1985
Bach,18,1986
Bach,4,1987
Bach,5,1988
Bach,4,1989
Bach,2,1990
Bach,5,1991
Bach,3,1992
Bach,7,1993
Bach,10,1994
Bach,11,1995
Bach,9,1996
Bach,4,1997
Bach,8,1998
Bach,10,1999
Bach,13,2000
Bach,2,2001
Bach,2,2002
Bach,6,2003
Bach,13,2004
Bach,18,2005
Bach,9,2006
Bach,14,2007
Bach,25,2008
Bach,20,2009
Bach,8,2010
Bach,14,2011
Bach,13,2012
Bach,23,2013
Bach,7,2014
Bach,17,2015
Bach,16,2016
Beethoven,1,1842
Beethoven,4,1843
Beethoven,2,1844
Beethoven,3,1845
Beethoven,3,1846
Beethoven,4,1847
Beethoven,2,1848
Beethoven,2,1849
Beethoven,1,1850
Beethoven,2,1851
Beethoven,3,1852
Beethoven,2,1853
Beethoven,4,1854
Beethoven,4,1855
Beethoven,2,1856
Beethoven,3,1857
Beethoven,2,1858
Beethoven,4,1859
Beethoven,5,1860
Beethoven,4,1861
Beethoven,5,1862
Beethoven,5,1863
Beethoven,3,1864
Beethoven,5,1865
Beethoven,3,1866
Beethoven,4,1867
Beethoven,3,1868
Beethoven,5,1869
Beethoven,6,1870
Beethoven,4,1871
Beethoven,6,1872
Beethoven,3,1873
Beethoven,3,1874
Beethoven,3,1875
Beethoven,6,1876
Beethoven,6,1877
Beethoven,9,1878
Beethoven,16,1879
Beethoven,14,1880
Beethoven,15,1881
Beethoven,13,1882
Beethoven,12,1883
Beethoven,12,1884
Beethoven,11,1885
Beethoven,7,1886
Beethoven,13,1887
Beethoven,9,1888
Beethoven,9,1889
Beethoven,8,1890
Beethoven,9,1891
Beethoven,15,1892
Beethoven,8,1893
Beethoven,12,1894
Beethoven,12,1895
Beethoven,14,1896
Beethoven,11,1897
Beethoven,11,1898
Beethoven,7,1899
Beethoven,11,1900
Beethoven,34,1901
Beethoven,6,1902
Beethoven,8,1903
Beethoven,12,1904
Beethoven,21,1905
Beethoven,21,1906
Beethoven,10,1907
Beethoven,20,1908
Beethoven,26,1909
Beethoven,27,1910
Beethoven,33,1911
Beethoven,28,1912
Beethoven,33,1913
Beethoven,30,1914
Beethoven,26,1915
Beethoven,44,1916
Beethoven,37,1917
Beethoven,28,1918
Beethoven,40,1919
Beethoven,48,1920
Beethoven,69,1921
Beethoven,62,1922
Beethoven,43,1923
Beethoven,63,1924
Beethoven,64,1925
Beethoven,74,1926
Beethoven,72,1927
Beethoven,70,1928
Beethoven,68,1929
Beethoven,66,1930
Beethoven,48,1931
Beethoven,46,1932
Beethoven,48,1933
Beethoven,42,1934
Beethoven,45,1935
Beethoven,45,1936
Beethoven,41,1937
Beethoven,59,1938
Beethoven,57,1939
Beethoven,46,1940
Beethoven,38,1941
Beethoven,36,1942
Beethoven,44,1943
Beethoven,50,1944
Beethoven,60,1945
Beethoven,37,1946
Beethoven,55,1947
Beethoven,37,1948
Beethoven,40,1949
Beethoven,50,1950
Beethoven,34,1951
Beethoven,41,1952
Beethoven,35,1953
Beethoven,42,1954
Beethoven,53,1955
Beethoven,32,1956
Beethoven,35,1957
Beethoven,43,1958
Beethoven,71,1959
Beethoven,46,1960
Beethoven,38,1961
Beethoven,30,1962
Beethoven,48,1963
Beethoven,35,1964
Beethoven,30,1965
Beethoven,60,1966
Beethoven,36,1967
Beethoven,33,1968
Beethoven,34,1969
Beethoven,36,1970
Beethoven,19,1971
Beethoven,26,1972
Beethoven,24,1973
Beethoven,37,1974
Beethoven,48,1975
Beethoven,27,1976
Beethoven,37,1977
Beethoven,51,1978
Beethoven,34,1979
Beethoven,46,1980
Beethoven,36,1981
Beethoven,24,1982
Beethoven,40,1983
Beethoven,38,1984
Beethoven,47,1985
Beethoven,15,1986
Beethoven,28,1987
Beethoven,33,1988
Beethoven,40,1989
Beethoven,37,1990
Beethoven,7,1991
Beethoven,36,1992
Beethoven,15,1993
Beethoven,32,1994
Beethoven,34,1995
Beethoven,25,1996
Beethoven,13,1997
Beethoven,23,1998
Beethoven,34,1999
Beethoven,16,2000
Beethoven,37,2001
Beethoven,35,2002
Beethoven,29,2003
Beethoven,19,2004
Beethoven,14,2005
Beethoven,27,2006
Beethoven,39,2007
Beethoven,41,2008
Beethoven,34,2009
Beethoven,28,2010
Beethoven,45,2011
Beethoven,35,2012
Beethoven,27,2013
Beethoven,34,2014
Beethoven,21,2015
Beethoven,36,2016
Brahms,0,1842
Brahms,0,1843
Brahms,0,1844
Brahms,0,1845
Brahms,0,1846
Brahms,0,1847
Brahms,0,1848
Brahms,0,1849
Brahms,0,1850
Brahms,0,1851
Brahms,0,1852
Brahms,0,1853
Brahms,0,1854
Brahms,0,1855
Brahms,0,1856
Brahms,0,1857
Brahms,0,1858
Brahms,0,1859
Brahms,0,1860
Brahms,0,1861
Brahms,1,1862
Brahms,0,1863
Brahms,0,1864
Brahms,0,1865
Brahms,0,1866
Brahms,0,1867
Brahms,0,1868
Brahms,0,1869
Brahms,0,1870
Brahms,0,1871
Brahms,0,1872
Brahms,0,1873
Brahms,0,1874
Brahms,1,1875
Brahms,0,1876
Brahms,1,1877
Brahms,2,1878
Brahms,0,1879
Brahms,2,1880
Brahms,4,1881
Brahms,1,1882
Brahms,2,1883
Brahms,2,1884
Brahms,0,1885
Brahms,3,1886
Brahms,5,1887
Brahms,2,1888
Brahms,2,1889
Brahms,4,1890
Brahms,5,1891
Brahms,0,1892
Brahms,6,1893
Brahms,0,1894
Brahms,2,1895
Brahms,5,1896
Brahms,0,1897
Brahms,6,1898
Brahms,10,1899
Brahms,8,1900
Brahms,8,1901
Brahms,5,1902
Brahms,6,1903
Brahms,3,1904
Brahms,9,1905
Brahms,8,1906
Brahms,6,1907
Brahms,1,1908
Brahms,6,1909
Brahms,13,1910
Brahms,3,1911
Brahms,25,1912
Brahms,11,1913
Brahms,22,1914
Brahms,23,1915
Brahms,18,1916
Brahms,21,1917
Brahms,25,1918
Brahms,22,1919
Brahms,17,1920
Brahms,27,1921
Brahms,38,1922
Brahms,28,1923
Brahms,47,1924
Brahms,50,1925
Brahms,41,1926
Brahms,55,1927
Brahms,46,1928
Brahms,40,1929
Brahms,45,1930
Brahms,23,1931
Brahms,43,1932
Brahms,35,1933
Brahms,21,1934
Brahms,40,1935
Brahms,29,1936
Brahms,35,1937
Brahms,33,1938
Brahms,41,1939
Brahms,42,1940
Brahms,31,1941
Brahms,31,1942
Brahms,37,1943
Brahms,38,1944
Brahms,23,1945
Brahms,37,1946
Brahms,38,1947
Brahms,34,1948
Brahms,36,1949
Brahms,23,1950
Brahms,40,1951
Brahms,25,1952
Brahms,30,1953
Brahms,20,1954
Brahms,62,1955
Brahms,29,1956
Brahms,26,1957
Brahms,24,1958
Brahms,41,1959
Brahms,26,1960
Brahms,18,1961
Brahms,34,1962
Brahms,22,1963
Brahms,28,1964
Brahms,20,1965
Brahms,28,1966
Brahms,20,1967
Brahms,16,1968
Brahms,7,1969
Brahms,15,1970
Brahms,27,1971
Brahms,12,1972
Brahms,12,1973
Brahms,18,1974
Brahms,16,1975
Brahms,22,1976
Brahms,26,1977
Brahms,34,1978
Brahms,17,1979
Brahms,30,1980
Brahms,27,1981
Brahms,26,1982
Brahms,10,1983
Brahms,29,1984
Brahms,13,1985
Brahms,17,1986
Brahms,25,1987
Brahms,12,1988
Brahms,33,1989
Brahms,26,1990
Brahms,27,1991
Brahms,22,1992
Brahms,30,1993
Brahms,7,1994
Brahms,14,1995
Brahms,15,1996
Brahms,28,1997
Brahms,11,1998
Brahms,13,1999
Brahms,12,2000
Brahms,24,2001
Brahms,28,2002
Brahms,24,2003
Brahms,18,2004
Brahms,12,2005
Brahms,21,2006
Brahms,36,2007
Brahms,36,2008
Brahms,35,2009
Brahms,35,2010
Brahms,20,2011
Brahms,17,2012
Brahms,20,2013
Brahms,11,2014
Brahms,22,2015
Brahms,16,2016
Dvorak,0,1842
Dvorak,0,1843
Dvorak,0,1844
Dvorak,0,1845
Dvorak,0,1846
Dvorak,0,1847
Dvorak,0,1848
Dvorak,0,1849
Dvorak,0,1850
Dvorak,0,1851
Dvorak,0,1852
Dvorak,0,1853
Dvorak,0,1854
Dvorak,0,1855
Dvorak,0,1856
Dvorak,0,1857
Dvorak,0,1858
Dvorak,0,1859
Dvorak,0,1860
Dvorak,0,1861
Dvorak,0,1862
Dvorak,0,1863
Dvorak,0,1864
Dvorak,0,1865
Dvorak,0,1866
Dvorak,0,1867
Dvorak,0,1868
Dvorak,0,1869
Dvorak,0,1870
Dvorak,0,1871
Dvorak,0,1872
Dvorak,0,1873
Dvorak,0,1874
Dvorak,0,1875
Dvorak,0,1876
Dvorak,0,1877
Dvorak,0,1878
Dvorak,0,1879
Dvorak,2,1880
Dvorak,0,1881
Dvorak,0,1882
Dvorak,1,1883
Dvorak,1,1884
Dvorak,1,1885
Dvorak,1,1886
Dvorak,4,1887
Dvorak,2,1888
Dvorak,2,1889
Dvorak,3,1890
Dvorak,0,1891
Dvorak,6,1892
Dvorak,4,1893
Dvorak,8,1894
Dvorak,4,1895
Dvorak,5,1896
Dvorak,6,1897
Dvorak,4,1898
Dvorak,1,1899
Dvorak,2,1900
Dvorak,14,1901
Dvorak,0,1902
Dvorak,2,1903
Dvorak,4,1904
Dvorak,5,1905
Dvorak,0,1906
Dvorak,3,1907
Dvorak,5,1908
Dvorak,2,1909
Dvorak,9,1910
Dvorak,10,1911
Dvorak,18,1912
Dvorak,21,1913
Dvorak,14,1914
Dvorak,23,1915
Dvorak,44,1916
Dvorak,20,1917
Dvorak,26,1918
Dvorak,18,1919
Dvorak,19,1920
Dvorak,28,1921
Dvorak,13,1922
Dvorak,9,1923
Dvorak,19,1924
Dvorak,10,1925
Dvorak,12,1926
Dvorak,10,1927
Dvorak,4,1928
Dvorak,6,1929
Dvorak,12,1930
Dvorak,22,1931
Dvorak,12,1932
Dvorak,4,1933
Dvorak,1,1934
Dvorak,2,1935
Dvorak,7,1936
Dvorak,7,1937
Dvorak,10,1938
Dvorak,4,1939
Dvorak,6,1940
Dvorak,7,1941
Dvorak,17,1942
Dvorak,11,1943
Dvorak,10,1944
Dvorak,6,1945
Dvorak,14,1946
Dvorak,5,1947
Dvorak,11,1948
Dvorak,4,1949
Dvorak,9,1950
Dvorak,5,1951
Dvorak,9,1952
Dvorak,6,1953
Dvorak,4,1954
Dvorak,6,1955
Dvorak,9,1956
Dvorak,4,1957
Dvorak,5,1958
Dvorak,2,1959
Dvorak,5,1960
Dvorak,4,1961
Dvorak,7,1962
Dvorak,20,1963
Dvorak,7,1964
Dvorak,5,1965
Dvorak,0,1966
Dvorak,10,1967
Dvorak,4,1968
Dvorak,17,1969
Dvorak,10,1970
Dvorak,6,1971
Dvorak,8,1972
Dvorak,9,1973
Dvorak,12,1974
Dvorak,10,1975
Dvorak,9,1976
Dvorak,6,1977
Dvorak,23,1978
Dvorak,8,1979
Dvorak,27,1980
Dvorak,10,1981
Dvorak,10,1982
Dvorak,19,1983
Dvorak,29,1984
Dvorak,45,1985
Dvorak,11,1986
Dvorak,7,1987
Dvorak,22,1988
Dvorak,30,1989
Dvorak,12,1990
Dvorak,13,1991
Dvorak,23,1992
Dvorak,28,1993
Dvorak,18,1994
Dvorak,9,1995
Dvorak,13,1996
Dvorak,16,1997
Dvorak,15,1998
Dvorak,8,1999
Dvorak,8,2000
Dvorak,7,2001
Dvorak,13,2002
Dvorak,9,2003
Dvorak,26,2004
Dvorak,30,2005
Dvorak,22,2006
Dvorak,24,2007
Dvorak,17,2008
Dvorak,15,2009
Dvorak,2,2010
Dvorak,14,2011
Dvorak,21,2012
Dvorak,12,2013
Dvorak,15,2014
Dvorak,9,2015
Dvorak,28,2016
Mendelssohn,0,1842
Mendelssohn,1,1843
Mendelssohn,2,1844
Mendelssohn,2,1845
Mendelssohn,3,1846
Mendelssohn,2,1847
Mendelssohn,4,1848
Mendelssohn,3,1849
Mendelssohn,3,1850
Mendelssohn,4,1851
Mendelssohn,4,1852
Mendelssohn,2,1853
Mendelssohn,2,1854
Mendelssohn,4,1855
Mendelssohn,2,1856
Mendelssohn,1,1857
Mendelssohn,2,1858
Mendelssohn,3,1859
Mendelssohn,3,1860
Mendelssohn,2,1861
Mendelssohn,4,1862
Mendelssohn,1,1863
Mendelssohn,3,1864
Mendelssohn,2,1865
Mendelssohn,5,1866
Mendelssohn,3,1867
Mendelssohn,2,1868
Mendelssohn,4,1869
Mendelssohn,0,1870
Mendelssohn,3,1871
Mendelssohn,1,1872
Mendelssohn,1,1873
Mendelssohn,2,1874
Mendelssohn,2,1875
Mendelssohn,1,1876
Mendelssohn,2,1877
Mendelssohn,2,1878
Mendelssohn,3,1879
Mendelssohn,1,1880
Mendelssohn,2,1881
Mendelssohn,2,1882
Mendelssohn,4,1883
Mendelssohn,6,1884
Mendelssohn,3,1885
Mendelssohn,2,1886
Mendelssohn,1,1887
Mendelssohn,0,1888
Mendelssohn,3,1889
Mendelssohn,1,1890
Mendelssohn,2,1891
Mendelssohn,0,1892
Mendelssohn,4,1893
Mendelssohn,0,1894
Mendelssohn,1,1895
Mendelssohn,2,1896
Mendelssohn,6,1897
Mendelssohn,2,1898
Mendelssohn,5,1899
Mendelssohn,3,1900
Mendelssohn,20,1901
Mendelssohn,5,1902
Mendelssohn,2,1903
Mendelssohn,2,1904
Mendelssohn,5,1905
Mendelssohn,9,1906
Mendelssohn,2,1907
Mendelssohn,6,1908
Mendelssohn,12,1909
Mendelssohn,4,1910
Mendelssohn,12,1911
Mendelssohn,17,1912
Mendelssohn,18,1913
Mendelssohn,8,1914
Mendelssohn,11,1915
Mendelssohn,32,1916
Mendelssohn,9,1917
Mendelssohn,7,1918
Mendelssohn,19,1919
Mendelssohn,16,1920
Mendelssohn,13,1921
Mendelssohn,18,1922
Mendelssohn,16,1923
Mendelssohn,18,1924
Mendelssohn,16,1925
Mendelssohn,15,1926
Mendelssohn,18,1927
Mendelssohn,19,1928
Mendelssohn,11,1929
Mendelssohn,29,1930
Mendelssohn,8,1931
Mendelssohn,12,1932
Mendelssohn,14,1933
Mendelssohn,4,1934
Mendelssohn,9,1935
Mendelssohn,15,1936
Mendelssohn,10,1937
Mendelssohn,24,1938
Mendelssohn,17,1939
Mendelssohn,16,1940
Mendelssohn,14,1941
Mendelssohn,15,1942
Mendelssohn,13,1943
Mendelssohn,18,1944
Mendelssohn,17,1945
Mendelssohn,13,1946
Mendelssohn,13,1947
Mendelssohn,25,1948
Mendelssohn,10,1949
Mendelssohn,16,1950
Mendelssohn,24,1951
Mendelssohn,14,1952
Mendelssohn,18,1953
Mendelssohn,22,1954
Mendelssohn,24,1955
Mendelssohn,7,1956
Mendelssohn,8,1957
Mendelssohn,28,1958
Mendelssohn,3,1959
Mendelssohn,8,1960
Mendelssohn,9,1961
Mendelssohn,11,1962
Mendelssohn,20,1963
Mendelssohn,12,1964
Mendelssohn,6,1965
Mendelssohn,17,1966
Mendelssohn,15,1967
Mendelssohn,8,1968
Mendelssohn,15,1969
Mendelssohn,11,1970
Mendelssohn,14,1971
Mendelssohn,11,1972
Mendelssohn,11,1973
Mendelssohn,8,1974
Mendelssohn,20,1975
Mendelssohn,6,1976
Mendelssohn,5,1977
Mendelssohn,10,1978
Mendelssohn,7,1979
Mendelssohn,8,1980
Mendelssohn,13,1981
Mendelssohn,9,1982
Mendelssohn,11,1983
Mendelssohn,5,1984
Mendelssohn,11,1985
Mendelssohn,7,1986
Mendelssohn,7,1987
Mendelssohn,6,1988
Mendelssohn,5,1989
Mendelssohn,8,1990
Mendelssohn,17,1991
Mendelssohn,6,1992
Mendelssohn,6,1993
Mendelssohn,3,1994
Mendelssohn,18,1995
Mendelssohn,8,1996
Mendelssohn,14,1997
Mendelssohn,5,1998
Mendelssohn,9,1999
Mendelssohn,19,2000
Mendelssohn,5,2001
Mendelssohn,3,2002
Mendelssohn,14,2003
Mendelssohn,15,2004
Mendelssohn,6,2005
Mendelssohn,1,2006
Mendelssohn,13,2007
Mendelssohn,14,2008
Mendelssohn,19,2009
Mendelssohn,13,2010
Mendelssohn,4,2011
Mendelssohn,5,2012
Mendelssohn,17,2013
Mendelssohn,2,2014
Mendelssohn,9,2015
Mendelssohn,4,2016
Mozart,1,1842
Mozart,2,1843
Mozart,1,1844
Mozart,1,1845
Mozart,3,1846
Mozart,3,1847
Mozart,3,1848
Mozart,0,1849
Mozart,0,1850
Mozart,2,1851
Mozart,1,1852
Mozart,2,1853
Mozart,0,1854
Mozart,1,1855
Mozart,1,1856
Mozart,1,1857
Mozart,4,1858
Mozart,1,1859
Mozart,2,1860
Mozart,3,1861
Mozart,2,1862
Mozart,2,1863
Mozart,3,1864
Mozart,1,1865
Mozart,3,1866
Mozart,4,1867
Mozart,1,1868
Mozart,2,1869
Mozart,4,1870
Mozart,3,1871
Mozart,1,1872
Mozart,1,1873
Mozart,3,1874
Mozart,2,1875
Mozart,2,1876
Mozart,0,1877
Mozart,1,1878
Mozart,7,1879
Mozart,2,1880
Mozart,5,1881
Mozart,5,1882
Mozart,3,1883
Mozart,3,1884
Mozart,2,1885
Mozart,1,1886
Mozart,6,1887
Mozart,2,1888
Mozart,3,1889
Mozart,4,1890
Mozart,3,1891
Mozart,2,1892
Mozart,4,1893
Mozart,0,1894
Mozart,2,1895
Mozart,0,1896
Mozart,4,1897
Mozart,5,1898
Mozart,2,1899
Mozart,0,1900
Mozart,8,1901
Mozart,3,1902
Mozart,2,1903
Mozart,9,1904
Mozart,9,1905
Mozart,8,1906
Mozart,7,1907
Mozart,3,1908
Mozart,8,1909
Mozart,6,1910
Mozart,2,1911
Mozart,17,1912
Mozart,22,1913
Mozart,12,1914
Mozart,13,1915
Mozart,6,1916
Mozart,16,1917
Mozart,11,1918
Mozart,15,1919
Mozart,23,1920
Mozart,18,1921
Mozart,17,1922
Mozart,30,1923
Mozart,28,1924
Mozart,16,1925
Mozart,26,1926
Mozart,23,1927
Mozart,30,1928
Mozart,37,1929
Mozart,39,1930
Mozart,30,1931
Mozart,36,1932
Mozart,26,1933
Mozart,21,1934
Mozart,21,1935
Mozart,37,1936
Mozart,31,1937
Mozart,25,1938
Mozart,27,1939
Mozart,30,1940
Mozart,34,1941
Mozart,21,1942
Mozart,17,1943
Mozart,31,1944
Mozart,27,1945
Mozart,28,1946
Mozart,22,1947
Mozart,28,1948
Mozart,32,1949
Mozart,27,1950
Mozart,28,1951
Mozart,20,1952
Mozart,37,1953
Mozart,29,1954
Mozart,30,1955
Mozart,28,1956
Mozart,29,1957
Mozart,20,1958
Mozart,33,1959
Mozart,42,1960
Mozart,27,1961
Mozart,26,1962
Mozart,24,1963
Mozart,31,1964
Mozart,29,1965
Mozart,35,1966
Mozart,33,1967
Mozart,29,1968
Mozart,35,1969
Mozart,35,1970
Mozart,28,1971
Mozart,53,1972
Mozart,33,1973
Mozart,49,1974
Mozart,61,1975
Mozart,17,1976
Mozart,50,1977
Mozart,28,1978
Mozart,32,1979
Mozart,26,1980
Mozart,29,1981
Mozart,52,1982
Mozart,36,1983
Mozart,45,1984
Mozart,23,1985
Mozart,26,1986
Mozart,40,1987
Mozart,36,1988
Mozart,27,1989
Mozart,28,1990
Mozart,90,1991
Mozart,28,1992
Mozart,34,1993
Mozart,21,1994
Mozart,19,1995
Mozart,14,1996
Mozart,23,1997
Mozart,20,1998
Mozart,20,1999
Mozart,16,2000
Mozart,35,2001
Mozart,30,2002
Mozart,23,2003
Mozart,11,2004
Mozart,23,2005
Mozart,50,2006
Mozart,23,2007
Mozart,38,2008
Mozart,27,2009
Mozart,41,2010
Mozart,26,2011
Mozart,34,2012
Mozart,35,2013
Mozart,15,2014
Mozart,27,2015
Mozart,23,2016
Ravel,0,1842
Ravel,0,1843
Ravel,0,1844
Ravel,0,1845
Ravel,0,1846
Ravel,0,1847
Ravel,0,1848
Ravel,0,1849
Ravel,0,1850
Ravel,0,1851
Ravel,0,1852
Ravel,0,1853
Ravel,0,1854
Ravel,0,1855
Ravel,0,1856
Ravel,0,1857
Ravel,0,1858
Ravel,0,1859
Ravel,0,1860
Ravel,0,1861
Ravel,0,1862
Ravel,0,1863
Ravel,0,1864
Ravel,0,1865
Ravel,0,1866
Ravel,0,1867
Ravel,0,1868
Ravel,0,1869
Ravel,0,1870
Ravel,0,1871
Ravel,0,1872
Ravel,0,1873
Ravel,0,1874
Ravel,0,1875
Ravel,0,1876
Ravel,0,1877
Ravel,0,1878
Ravel,0,1879
Ravel,0,1880
Ravel,0,1881
Ravel,0,1882
Ravel,0,1883
Ravel,0,1884
Ravel,0,1885
Ravel,0,1886
Ravel,0,1887
Ravel,0,1888
Ravel,0,1889
Ravel,0,1890
Ravel,0,1891
Ravel,0,1892
Ravel,0,1893
Ravel,0,1894
Ravel,0,1895
Ravel,0,1896
Ravel,0,1897
Ravel,0,1898
Ravel,0,1899
Ravel,0,1900
Ravel,0,1901
Ravel,0,1902
Ravel,0,1903
Ravel,0,1904
Ravel,0,1905
Ravel,0,1906
Ravel,0,1907
Ravel,0,1908
Ravel,1,1909
Ravel,0,1910
Ravel,0,1911
Ravel,2,1912
Ravel,1,1913
Ravel,1,1914
Ravel,5,1915
Ravel,6,1916
Ravel,1,1917
Ravel,1,1918
Ravel,5,1919
Ravel,10,1920
Ravel,5,1921
Ravel,6,1922
Ravel,10,1923
Ravel,7,1924
Ravel,8,1925
Ravel,15,1926
Ravel,5,1927
Ravel,13,1928
Ravel,13,1929
Ravel,19,1930
Ravel,21,1931
Ravel,3,1932
Ravel,14,1933
Ravel,16,1934
Ravel,11,1935
Ravel,7,1936
Ravel,16,1937
Ravel,13,1938
Ravel,13,1939
Ravel,12,1940
Ravel,17,1941
Ravel,10,1942
Ravel,13,1943
Ravel,13,1944
Ravel,15,1945
Ravel,9,1946
Ravel,23,1947
Ravel,14,1948
Ravel,9,1949
Ravel,20,1950
Ravel,5,1951
Ravel,8,1952
Ravel,21,1953
Ravel,13,1954
Ravel,22,1955
Ravel,16,1956
Ravel,10,1957
Ravel,34,1958
Ravel,26,1959
Ravel,22,1960
Ravel,31,1961
Ravel,2,1962
Ravel,26,1963
Ravel,14,1964
Ravel,16,1965
Ravel,15,1966
Ravel,13,1967
Ravel,8,1968
Ravel,17,1969
Ravel,17,1970
Ravel,13,1971
Ravel,33,1972
Ravel,12,1973
Ravel,25,1974
Ravel,22,1975
Ravel,20,1976
Ravel,22,1977
Ravel,13,1978
Ravel,11,1979
Ravel,22,1980
Ravel,19,1981
Ravel,5,1982
Ravel,2,1983
Ravel,12,1984
Ravel,16,1985
Ravel,12,1986
Ravel,12,1987
Ravel,10,1988
Ravel,16,1989
Ravel,17,1990
Ravel,12,1991
Ravel,12,1992
Ravel,19,1993
Ravel,15,1994
Ravel,10,1995
Ravel,21,1996
Ravel,11,1997
Ravel,18,1998
Ravel,14,1999
Ravel,3,2000
Ravel,21,2001
Ravel,16,2002
Ravel,9,2003
Ravel,11,2004
Ravel,13,2005
Ravel,18,2006
Ravel,20,2007
Ravel,26,2008
Ravel,21,2009
Ravel,13,2010
Ravel,8,2011
Ravel,13,2012
Ravel,17,2013
Ravel,8,2014
Ravel,24,2015
Ravel,9,2016
Strauss,0,1842
Strauss,0,1843
Strauss,0,1844
Strauss,0,1845
Strauss,0,1846
Strauss,0,1847
Strauss,0,1848
Strauss,0,1849
Strauss,0,1850
Strauss,0,1851
Strauss,0,1852
Strauss,0,1853
Strauss,0,1854
Strauss,0,1855
Strauss,0,1856
Strauss,0,1857
Strauss,0,1858
Strauss,0,1859
Strauss,0,1860
Strauss,0,1861
Strauss,0,1862
Strauss,0,1863
Strauss,0,1864
Strauss,0,1865
Strauss,0,1866
Strauss,0,1867
Strauss,0,1868
Strauss,0,1869
Strauss,0,1870
Strauss,0,1871
Strauss,0,1872
Strauss,0,1873
Strauss,0,1874
Strauss,0,1875
Strauss,0,1876
Strauss,0,1877
Strauss,0,1878
Strauss,0,1879
Strauss,0,1880
Strauss,0,1881
Strauss,0,1882
Strauss,0,1883
Strauss,1,1884
Strauss,0,1885
Strauss,0,1886
Strauss,0,1887
Strauss,0,1888
Strauss,0,1889
Strauss,0,1890
Strauss,0,1891
Strauss,3,1892
Strauss,0,1893
Strauss,0,1894
Strauss,2,1895
Strauss,0,1896
Strauss,0,1897
Strauss,2,1898
Strauss,0,1899
Strauss,2,1900
Strauss,7,1901
Strauss,4,1902
Strauss,4,1903
Strauss,4,1904
Strauss,4,1905
Strauss,4,1906
Strauss,5,1907
Strauss,4,1908
Strauss,5,1909
Strauss,17,1910
Strauss,9,1911
Strauss,31,1912
Strauss,22,1913
Strauss,20,1914
Strauss,18,1915
Strauss,18,1916
Strauss,23,1917
Strauss,2,1918
Strauss,0,1919
Strauss,4,1920
Strauss,50,1921
Strauss,37,1922
Strauss,34,1923
Strauss,41,1924
Strauss,38,1925
Strauss,46,1926
Strauss,39,1927
Strauss,31,1928
Strauss,30,1929
Strauss,53,1930
Strauss,25,1931
Strauss,27,1932
Strauss,26,1933
Strauss,11,1934
Strauss,7,1935
Strauss,16,1936
Strauss,20,1937
Strauss,12,1938
Strauss,8,1939
Strauss,8,1940
Strauss,14,1941
Strauss,4,1942
Strauss,14,1943
Strauss,24,1944
Strauss,21,1945
Strauss,10,1946
Strauss,20,1947
Strauss,16,1948
Strauss,10,1949
Strauss,13,1950
Strauss,6,1951
Strauss,14,1952
Strauss,8,1953
Strauss,18,1954
Strauss,9,1955
Strauss,19,1956
Strauss,22,1957
Strauss,22,1958
Strauss,18,1959
Strauss,18,1960
Strauss,6,1961
Strauss,19,1962
Strauss,23,1963
Strauss,26,1964
Strauss,9,1965
Strauss,4,1966
Strauss,18,1967
Strauss,16,1968
Strauss,1,1969
Strauss,14,1970
Strauss,7,1971
Strauss,14,1972
Strauss,15,1973
Strauss,6,1974
Strauss,11,1975
Strauss,24,1976
Strauss,25,1977
Strauss,24,1978
Strauss,17,1979
Strauss,29,1980
Strauss,15,1981
Strauss,16,1982
Strauss,16,1983
Strauss,5,1984
Strauss,23,1985
Strauss,9,1986
Strauss,27,1987
Strauss,11,1988
Strauss,19,1989
Strauss,15,1990
Strauss,13,1991
Strauss,7,1992
Strauss,20,1993
Strauss,16,1994
Strauss,33,1995
Strauss,20,1996
Strauss,11,1997
Strauss,10,1998
Strauss,18,1999
Strauss,15,2000
Strauss,21,2001
Strauss,14,2002
Strauss,15,2003
Strauss,3,2004
Strauss,25,2005
Strauss,7,2006
Strauss,10,2007
Strauss,12,2008
Strauss,7,2009
Strauss,14,2010
Strauss,12,2011
Strauss,5,2012
Strauss,9,2013
Strauss,4,2014
Strauss,23,2015
Strauss,15,2016
Tchaikovsky,0,1842
Tchaikovsky,0,1843
Tchaikovsky,0,1844
Tchaikovsky,0,1845
Tchaikovsky,0,1846
Tchaikovsky,0,1847
Tchaikovsky,0,1848
Tchaikovsky,0,1849
Tchaikovsky,0,1850
Tchaikovsky,0,1851
Tchaikovsky,0,1852
Tchaikovsky,0,1853
Tchaikovsky,0,1854
Tchaikovsky,0,1855
Tchaikovsky,0,1856
Tchaikovsky,0,1857
Tchaikovsky,0,1858
Tchaikovsky,0,1859
Tchaikovsky,0,1860
Tchaikovsky,0,1861
Tchaikovsky,0,1862
Tchaikovsky,0,1863
Tchaikovsky,0,1864
Tchaikovsky,0,1865
Tchaikovsky,0,1866
Tchaikovsky,0,1867
Tchaikovsky,0,1868
Tchaikovsky,0,1869
Tchaikovsky,0,1870
Tchaikovsky,0,1871
Tchaikovsky,0,1872
Tchaikovsky,0,1873
Tchaikovsky,0,1874
Tchaikovsky,0,1875
Tchaikovsky,1,1876
Tchaikovsky,0,1877
Tchaikovsky,1,1878
Tchaikovsky,2,1879
Tchaikovsky,2,1880
Tchaikovsky,1,1881
Tchaikovsky,0,1882
Tchaikovsky,2,1883
Tchaikovsky,0,1884
Tchaikovsky,2,1885
Tchaikovsky,3,1886
Tchaikovsky,2,1887
Tchaikovsky,1,1888
Tchaikovsky,2,1889
Tchaikovsky,3,1890
Tchaikovsky,9,1891
Tchaikovsky,5,1892
Tchaikovsky,9,1893
Tchaikovsky,6,1894
Tchaikovsky,8,1895
Tchaikovsky,8,1896
Tchaikovsky,6,1897
Tchaikovsky,9,1898
Tchaikovsky,4,1899
Tchaikovsky,9,1900
Tchaikovsky,24,1901
Tchaikovsky,5,1902
Tchaikovsky,9,1903
Tchaikovsky,10,1904
Tchaikovsky,20,1905
Tchaikovsky,11,1906
Tchaikovsky,14,1907
Tchaikovsky,10,1908
Tchaikovsky,14,1909
Tchaikovsky,12,1910
Tchaikovsky,15,1911
Tchaikovsky,28,1912
Tchaikovsky,35,1913
Tchaikovsky,26,1914
Tchaikovsky,26,1915
Tchaikovsky,52,1916
Tchaikovsky,39,1917
Tchaikovsky,49,1918
Tchaikovsky,61,1919
Tchaikovsky,69,1920
Tchaikovsky,91,1921
Tchaikovsky,54,1922
Tchaikovsky,72,1923
Tchaikovsky,65,1924
Tchaikovsky,53,1925
Tchaikovsky,42,1926
Tchaikovsky,43,1927
Tchaikovsky,51,1928
Tchaikovsky,33,1929
Tchaikovsky,20,1930
Tchaikovsky,19,1931
Tchaikovsky,43,1932
Tchaikovsky,26,1933
Tchaikovsky,20,1934
Tchaikovsky,20,1935
Tchaikovsky,23,1936
Tchaikovsky,23,1937
Tchaikovsky,25,1938
Tchaikovsky,24,1939
Tchaikovsky,39,1940
Tchaikovsky,28,1941
Tchaikovsky,27,1942
Tchaikovsky,38,1943
Tchaikovsky,44,1944
Tchaikovsky,39,1945
Tchaikovsky,49,1946
Tchaikovsky,40,1947
Tchaikovsky,34,1948
Tchaikovsky,24,1949
Tchaikovsky,28,1950
Tchaikovsky,17,1951
Tchaikovsky,18,1952
Tchaikovsky,12,1953
Tchaikovsky,30,1954
Tchaikovsky,14,1955
Tchaikovsky,20,1956
Tchaikovsky,18,1957
Tchaikovsky,37,1958
Tchaikovsky,22,1959
Tchaikovsky,30,1960
Tchaikovsky,21,1961
Tchaikovsky,20,1962
Tchaikovsky,26,1963
Tchaikovsky,13,1964
Tchaikovsky,24,1965
Tchaikovsky,28,1966
Tchaikovsky,35,1967
Tchaikovsky,19,1968
Tchaikovsky,28,1969
Tchaikovsky,26,1970
Tchaikovsky,7,1971
Tchaikovsky,32,1972
Tchaikovsky,32,1973
Tchaikovsky,21,1974
Tchaikovsky,26,1975
Tchaikovsky,12,1976
Tchaikovsky,17,1977
Tchaikovsky,27,1978
Tchaikovsky,21,1979
Tchaikovsky,13,1980
Tchaikovsky,20,1981
Tchaikovsky,12,1982
Tchaikovsky,2,1983
Tchaikovsky,30,1984
Tchaikovsky,25,1985
Tchaikovsky,22,1986
Tchaikovsky,29,1987
Tchaikovsky,19,1988
Tchaikovsky,24,1989
Tchaikovsky,15,1990
Tchaikovsky,14,1991
Tchaikovsky,20,1992
Tchaikovsky,32,1993
Tchaikovsky,7,1994
Tchaikovsky,20,1995
Tchaikovsky,26,1996
Tchaikovsky,28,1997
Tchaikovsky,28,1998
Tchaikovsky,28,1999
Tchaikovsky,11,2000
Tchaikovsky,16,2001
Tchaikovsky,18,2002
Tchaikovsky,22,2003
Tchaikovsky,22,2004
Tchaikovsky,24,2005
Tchaikovsky,25,2006
Tchaikovsky,35,2007
Tchaikovsky,24,2008
Tchaikovsky,19,2009
Tchaikovsky,26,2010
Tchaikovsky,17,2011
Tchaikovsky,41,2012
Tchaikovsky,29,2013
Tchaikovsky,26,2014
Tchaikovsky,31,2015
Tchaikovsky,13,2016
Wagner,0,1842
Wagner,0,1843
Wagner,0,1844
Wagner,0,1845
Wagner,0,1846
Wagner,0,1847
Wagner,0,1848
Wagner,0,1849
Wagner,0,1850
Wagner,0,1851
Wagner,0,1852
Wagner,0,1853
Wagner,0,1854
Wagner,2,1855
Wagner,0,1856
Wagner,1,1857
Wagner,1,1858
Wagner,2,1859
Wagner,2,1860
Wagner,2,1861
Wagner,0,1862
Wagner,4,1863
Wagner,1,1864
Wagner,0,1865
Wagner,3,1866
Wagner,1,1867
Wagner,1,1868
Wagner,2,1869
Wagner,2,1870
Wagner,1,1871
Wagner,1,1872
Wagner,0,1873
Wagner,1,1874
Wagner,2,1875
Wagner,3,1876
Wagner,1,1877
Wagner,5,1878
Wagner,8,1879
Wagner,8,1880
Wagner,6,1881
Wagner,9,1882
Wagner,5,1883
Wagner,5,1884
Wagner,8,1885
Wagner,2,1886
Wagner,10,1887
Wagner,5,1888
Wagner,9,1889
Wagner,3,1890
Wagner,13,1891
Wagner,12,1892
Wagner,15,1893
Wagner,10,1894
Wagner,15,1895
Wagner,23,1896
Wagner,16,1897
Wagner,13,1898
Wagner,8,1899
Wagner,12,1900
Wagner,43,1901
Wagner,8,1902
Wagner,11,1903
Wagner,25,1904
Wagner,14,1905
Wagner,11,1906
Wagner,19,1907
Wagner,7,1908
Wagner,9,1909
Wagner,34,1910
Wagner,51,1911
Wagner,20,1912
Wagner,39,1913
Wagner,32,1914
Wagner,33,1915
Wagner,80,1916
Wagner,53,1917
Wagner,27,1918
Wagner,43,1919
Wagner,68,1920
Wagner,112,1921
Wagner,70,1922
Wagner,55,1923
Wagner,51,1924
Wagner,47,1925
Wagner,67,1926
Wagner,58,1927
Wagner,54,1928
Wagner,60,1929
Wagner,74,1930
Wagner,45,1931
Wagner,36,1932
Wagner,43,1933
Wagner,23,1934
Wagner,25,1935
Wagner,30,1936
Wagner,38,1937
Wagner,34,1938
Wagner,32,1939
Wagner,18,1940
Wagner,19,1941
Wagner,17,1942
Wagner,19,1943
Wagner,22,1944
Wagner,24,1945
Wagner,20,1946
Wagner,42,1947
Wagner,39,1948
Wagner,36,1949
Wagner,25,1950
Wagner,14,1951
Wagner,16,1952
Wagner,20,1953
Wagner,17,1954
Wagner,8,1955
Wagner,10,1956
Wagner,20,1957
Wagner,6,1958
Wagner,21,1959
Wagner,7,1960
Wagner,14,1961
Wagner,13,1962
Wagner,12,1963
Wagner,12,1964
Wagner,12,1965
Wagner,5,1966
Wagner,6,1967
Wagner,13,1968
Wagner,1,1969
Wagner,4,1970
Wagner,5,1971
Wagner,10,1972
Wagner,15,1973
Wagner,17,1974
Wagner,11,1975
Wagner,14,1976
Wagner,22,1977
Wagner,31,1978
Wagner,6,1979
Wagner,4,1980
Wagner,11,1981
Wagner,7,1982
Wagner,14,1983
Wagner,21,1984
Wagner,13,1985
Wagner,7,1986
Wagner,3,1987
Wagner,17,1988
Wagner,24,1989
Wagner,4,1990
Wagner,1,1991
Wagner,2,1992
Wagner,0,1993
Wagner,5,1994
Wagner,9,1995
Wagner,0,1996
Wagner,13,1997
Wagner,0,1998
Wagner,4,1999
Wagner,9,2000
Wagner,14,2001
Wagner,14,2002
Wagner,5,2003
Wagner,9,2004
Wagner,25,2005
Wagner,12,2006
Wagner,1,2007
Wagner,13,2008
Wagner,7,2009
Wagner,11,2010
Wagner,4,2011
Wagner,3,2012
Wagner,3,2013
Wagner,0,2014
Wagner,3,2015
Wagner,9,2016
